{"cameraMode":{"drawMode":0,"name":"Shaded","section":"Shading Mode"},"sceneLighting":true,"audioPlay":false,"sceneViewState":{"m_AlwaysRefresh":false,"showFog":true,"showSkybox":true,"showFlares":true,"showImageEffects":true,"showParticleSystems":true,"showVisualEffectGraphs":true,"m_FxEnabled":true},"in2DMode":false,"pivot":{"x":0.1368098258972168,"y":1.5010018348693848,"z":-1.310059905052185},"rotation":{"x":-0.014832221902906895,"y":0.9864715337753296,"z":-0.1284378468990326,"w":-0.1034640222787857},"size":0.8660253882408142,"orthographic":false}